Ticker,Last,Change %,Change,Rating,Volume,Market Capitalization,Price to Earnings Ratio (TTM),Basic EPS (TTM),Number of Employees,Sector
A,117.74,0.3152424,0.37,Buy,631016,36116245000,50.92415828,2.3271,16400,Health Technology
AAP,159.81,0.25721455,0.41,Buy,401656,10833988743,23.17803757,6.9015,67000,Retail Trade
AAPL,131.725,-0.11753109,-0.155,Buy,63589439,2239256072600,40.36978083,3.2994,147000,Electronic Technology
ABB,27.55,1.73559823,0.47,Strong Buy,1263833,56646800000,10.25252716,2.6421,144400,Producer Manufacturing
ABBV,103.74,0.91439689,0.94,Buy,2272412,183211649250,21.73959016,4.7442,30000,Health Technology
ABC,97.79,1.10628619,1.07,Sell,374985,19977692500,,-16.7364,22000,Distribution Services
ABCL,43.995,-6.6320034,-3.125,,1121209,11631747000,,,107,Health Technology
ABEV,3.03,0,0,Buy,7198694,47672200000,25.41946309,0.1202,50000,Consumer Non-Durables
ABMD,306.62,1.41897926,4.29,Buy,98404,13856127138,66.38924878,4.6093,1536,Health Technology
ABNB,160.7339,-1.50505546,-2.4561,Strong Buy,5245944,96812300000,,-1.7704,,Technology Services
ABT,108.05,-0.21241226,-0.23,Buy,1456485,191468050800,57.40642562,1.9016,107000,Health Technology
ACGL,35.115,1.54713707,0.535,Buy,691058,14259668240,12.38849282,2.8462,4300,Finance
ACN,258.48,-0.381547,-0.99,Buy,876478,170817449950,31.94538493,8.2583,506000,Technology Services
ADBE,500.28,-0.77156515,-3.89,Buy,853100,239955443800,46.53203998,10.9534,,Technology Services
ADI,143.98,-0.20792903,-0.3,Buy,1069339,53191060600,43.96501813,3.3107,15900,Electronic Technology
ADM,49.515,1.6109173,0.785,Buy,664138,27535691610,17.25994404,2.8364,38100,Process Industries
ADP,175.71,-0.35726438,-0.63,Buy,452323,75355484220,30.6103319,5.7829,58000,Technology Services
ADSK,301.54,-0.76350951,-2.32,Buy,390161,66318522400,157.48121275,1.9525,10100,Technology Services
AEE,75.6,-1.24101894,-0.95,Strong Sell,781470,18691321270,22.37518999,3.4441,9323,Utilities
AEM,71.08,1.31128848,0.92,Buy,377473,17271800280,26.66938532,2.65004679,11101,Non-Energy Minerals
AEP,80.85,-0.67567568,-0.55,Strong Sell,1277909,40133131500,21.09245439,3.8714,17408,Utilities
AES,23.405,2.56354075,0.585,Buy,2773608,15574042365,,-0.5307,,Utilities
AFL,43.5,1.09226121,0.47,Buy,1310946,30563381950,6.72743191,6.4186,11729,Finance
AGR,44.86,0.96781454,0.43,Sell,225821,13894722241,21.55749636,2.0614,6597,Utilities
AI,168.1402,-5.25711388,-9.3298,Buy,9432938,15574499435,,,,Technology Services
AIG,37.52,1.95652174,0.72,Sell,2507741,32333070780,,-5.7874,46000,Finance
AJG,123.2,-0.49269041,-0.61,Buy,228811,23688300740,30.97108265,4.088,33300,Finance
AKAM,107.54,0.84396099,0.9,Strong Buy,632534,17501982940,31.23517179,3.4681,7724,Technology Services
ALB,150.845,3.1277774,4.575,Buy,1236427,16072877860,40.8575419,3.5909,6000,Process Industries
ALC,64.63,0.26372944,0.17,Buy,303390,32295611000,,-1.52979592,22142,Health Technology
ALGN,529.63,-1.29707971,-6.96,Buy,167447,41739459240,24.40443163,22.1125,14530,Health Technology
ALL,106.23,0.03766833,0.04,Buy,617703,32301143640,7.44221577,14.4591,46290,Finance
ALLE,113.06,0.59613845,0.67,Buy,158010,10398566220,34.63162111,3.263,11000,Producer Manufacturing
ALLY,35.02,2.39766082,0.82,Strong Buy,2121998,13090602855,16.75813407,2.0533,8700,Finance
ALNY,138.29,-0.01446027,-0.02,Buy,329181,16052728770,,-7.8312,1323,Health Technology
ALXN,153.39,-0.27306417,-0.42,Buy,2241603,33556175820,35.94363432,4.3301,3082,Health Technology
AMAT,84.95,-0.80569827,-0.69,Buy,2260624,77664379360,21.84470972,3.9537,24000,Producer Manufacturing
AMCR,11.59,0.7826087,0.09,Buy,1080911,18170840800,24.54642476,0.4703,47000,Process Industries
AMD,92.28,-0.94461142,-0.88,Buy,21320894,111000150507,128.60298178,0.7507,11400,Electronic Technology
AME,118.87,1.02838688,1.21,Buy,244689,27350127200,31.12122094,3.8078,18100,Producer Manufacturing
AMGN,222.26,0.57468664,1.27,Strong Sell,1075548,134620759560,18.42689016,12.4861,23400,Health Technology
AMP,188.95,2.10202097,3.89,Buy,274998,22273066620,13.25882142,14.2465,12500,Finance
AMT,218.9,-0.72112114,-1.59,Sell,835372,97944500000,52.0748211,4.2596,5454,Finance
AMX,14.225,2.70758123,0.375,Buy,1406113,31713500000,33.99607266,0.4074,191523,Communications
AMZN,3199.015,-0.23405436,-7.505,Buy,1427262,1605101449000,93.90341758,34.8018,798000,Retail Trade
ANET,289,-0.62581666,-1.82,Buy,159361,21866930115,32.57611399,9.354,2300,Electronic Technology
ANSS,362.63,0.08832216,0.32,Buy,200935,31157875462,82.12666606,4.4928,4100,Technology Services
ANTM,310.06,2.22881635,6.76,Sell,489553,77140519680,15.67855094,19.6331,70600,Health Services
AON,207.635,-0.76231898,-1.595,Buy,727051,47458395440,26.99149864,7.7966,50000,Finance
APD,267.92,1.48100451,3.91,Sell,466260,59228974305,30.88341951,8.596,19275,Process Industries
APH,129.45,0.45006596,0.58,Buy,591048,38722623200,33.947105,3.9152,74000,Electronic Technology
APO,48.285,0.74066347,0.355,Buy,365588,19490143930,,-0.8322,1421,Finance
APPN,156.66,-1.70661313,-2.72,Buy,512887,10966165627,,-0.5577,1018,Technology Services
APTV,129.15,3.28694818,4.11,Buy,900445,34872378625,18.77900428,6.6712,141000,Producer Manufacturing
ARE,173.23,-1.51230883,-2.66,Buy,248983,23735300000,40.66068704,4.3447,439,Finance
ARGX,304.96,-0.46022783,-1.41,Buy,36808,14401800000,,-8.5661,188,Health Technology
ASML,477.35,0.24570541,1.17,Buy,283877,199906000000,53.2610033,8.9578,24900,Producer Manufacturing
ASX,5.51,-0.36166365,-0.02,Buy,574567,11794400000,15.05991285,0.3755,,Electronic Technology
ATHM,98,0.91648646,0.89,Buy,103468,11563600000,24.215146,4.03,4198,Technology Services
ATO,92.19,-0.15163002,-0.14,Sell,339529,11618090660,18.83939685,4.9053,4694,Utilities
ATUS,36.255,0.1519337,0.055,Buy,6618923,19603832888,201.44685587,0.1803,10700,Consumer Services
ATVI,90.24,0.9170208,0.82,Buy,3378756,69734887110,31.32707399,2.8749,9200,Consumer Durables
AVB,156.61,-1.22981837,-1.95,Strong Sell,295642,22136400000,34.09965806,4.6502,3122,Finance
AVGO,427.99,-1.17986608,-5.11,Buy,596258,173166878100,68.74603175,6.6084,21000,Electronic Technology
AVLR,182.675,-0.60667066,-1.115,Buy,229007,15451949139,,-0.639,1452,Technology Services
AVTR,27.02,-0.88041086,-0.24,Buy,1481995,15638286560,224.54695222,0.1246,12000,Process Industries
AVY,153.5,1.14654718,1.74,Buy,135012,12800863154,24.23700391,6.3183,30000,Process Industries
AWK,147.69,-0.24989869,-0.37,Sell,387653,26779312560,40.57105278,3.6575,6800,Utilities
AXP,117.14,2.26102139,2.59,Buy,1494138,94337466320,28.30002223,4.0552,64500,Finance
AZN,48.845,0.23599425,0.115,Sell,8964492,127932000000,50.87169851,0.9585,70600,Health Technology
AZO,1194.66,0.37557029,4.47,Buy,123875,27171634308,15.59638798,78.078,100000,Retail Trade
BA,220.5757,0.82077886,1.7957,Buy,9063261,124501446200,,-7.8923,161100,Electronic Technology
BABA,256.55,0.28143689,0.72,Sell,8858549,692183000000,37.05586697,7.0185,117600,Retail Trade
BAC,30.215,3.44060253,1.005,Buy,36323388,261329119873,14.43823835,2.0342,208000,Finance
BAH,87.745,0.625,0.545,Sell,352803,12097967000,23.73047407,3.7101,27200,Commercial Services
BAM,40.365,2.03488372,0.805,Buy,726540,60883584390,,-0.07419053,151900,Finance
BAP,164.575,1.65225448,2.675,Buy,151755,13126748863,64.93662763,2.4951,35846,Finance
BAX,79.1,0.55936944,0.44,Sell,969807,40408257890,44.66780239,1.7894,50000,Health Technology
BBD,5.35,2.29445507,0.12,Buy,11655315,23052400000,13.97648316,0.3742,97329,Finance
BBDO,4.7001,-1.05052632,-0.0499,Buy,4186,21032100000,12.69374666,0.3742,97329,Finance
BBL,53.23,1.73929664,0.91,Buy,758708,55251700000,16.67995027,3.1441,,Non-Energy Minerals
BBVA,4.945,3.6687631,0.175,Buy,2349662,31662700000,,-0.0162,126973,Finance
BBY,103.35,-0.74906367,-0.78,Sell,1619422,26752902675,15.82330416,6.654,125000,Retail Trade
BCE,42.56,0.54334987,0.23,Sell,548081,38483678040,22.41429378,1.8888265,52100,Communications
BCH,20.77,0.82524272,0.17,Strong Buy,86409,10404800000,16.94636394,,,Finance
BCS,8.175,5.75679172,0.445,Buy,6319383,33514600000,,0.5897,80800,Finance
BDX,245.005,-0.36396909,-0.895,Buy,628856,71258740000,90.08976003,2.7609,72000,Health Technology
BEKE,67.955,0.43600355,0.295,Buy,1774332,57394600000,,-0.182,,Technology Services
BEN,24.88,1.34419552,0.33,Buy,1356616,12566863760,15.45288601,1.5902,11800,Finance
BEP,41.46,0.9004624,0.37,Strong Buy,374114,18498491441,,-0.53288415,,Utilities
BF.A,72.38,-0.33048747,-0.24,Sell,60316,34625263000,37.8111007,1.93,4800,Consumer Non-Durables
BF.B,77.3,-0.59156379,-0.46,Sell,316395,37032520400,40.4873477,1.93,4800,Consumer Non-Durables
BFAM,165.51,2.20452019,3.57,Sell,210521,10031870652,132.61813119,1.2445,33800,Commercial Services
BGNE,264.245,1.07290392,2.805,Buy,109824,23772500000,,-20.2643,3500,Health Technology
BHP,65.7,1.6555779,1.07,Buy,1378062,95187700000,20.60445691,3.1441,,Non-Energy Minerals
BIDU,194.275,1.57638816,3.015,Buy,4483676,52147700000,19.46032844,9.9073,37779,Technology Services
BIIB,252.77,1.9768427,4.9,Buy,704737,38884442580,8.20533362,30.2671,7400,Health Technology
BILI,82.15,-4.34326968,-3.73,Buy,3769404,22506600000,,-1.0731,4791,Technology Services
BILL,150.85,-1.91807542,-2.95,Buy,526496,11847287569,,-0.5004,618,Technology Services
BIO,577,-1.11057791,-6.48,Buy,66018,17212198500,4.99454733,118.2947,8120,Health Technology
BIP,50.48,1.8974566,0.94,Sell,114423,14909722320,,-0.3457,,Utilities
BK,41.04,1.88679245,0.76,Buy,2502701,36358160080,8.84089462,4.5682,48400,Finance
BKI,88.3,-0.52945815,-0.47,Sell,347775,13862520120,62.62875688,1.4254,4900,Technology Services
BKNG,2101.72,2.38208903,48.9,Buy,175323,86075732428,61.82056911,33.6041,26400,Consumer Services
BKR,21.185,-0.02359604,-0.005,Buy,2760596,14542749485,,-16.12,68000,Industrial Services
BLK,705.13,1.67406852,11.61,Buy,442949,107318940480,22.99172189,30.4166,16200,Finance
BLL,91.91,-0.62709482,-0.58,Sell,464799,30064863920,59.48292495,1.5874,18300,Process Industries
BMO,75.64,1.02844931,0.77,Buy,246131,48848585070,13.22854798,5.66640417,43360,Finance
BMRN,88.5,0.16977929,0.15,Buy,817607,16065405000,20.23266998,4.7071,3001,Health Technology
BMY,61.125,-0.49650008,-0.305,Sell,3864160,138104621250,,-0.1019,30000,Health Technology
BNS,53.27,1.17758784,0.62,Buy,517953,64473640000,13.28078047,4.0722241,92001,Finance
BNTX,100.21,-0.34805091,-0.35,Sell,3013687,24213400000,,,1310,Health Technology
BP,21.185,3.44238281,0.705,Buy,10823722,68750900000,,-6.4397,70100,Energy Minerals
BR,148.015,-0.31317349,-0.465,Buy,290447,17113924380,36.76248483,4.1116,12000,Commercial Services
BRK.A,337915,0.63613269,2136,Buy,279,528563766427,14.88118241,22564,391500,Finance
BRK.B,224.52,1.18983234,2.64,Buy,2737927,526531670560,14.75001163,15.0427,391500,Finance
BRO,45.62,-0.15320639,-0.07,Sell,521099,12944568630,28.29277355,1.6252,10083,Finance
BSX,34.505,0.42200233,0.145,Sell,4208564,49401240000,13.16929209,2.6473,36000,Health Technology
BSY,39.05,0.48893464,0.19,Buy,137886,10605189511,,,,Technology Services
BTI,36.87,0.90311987,0.33,Buy,1357741,83529100000,10.48313059,3.496,59989,Consumer Non-Durables
BUD,70.54,1.27781766,0.89,Buy,1269625,114585000000,,-0.3342,171915,Consumer Non-Durables
BURL,250.3,1.79762486,4.42,Strong Buy,202475,16583209035,,-2.5376,47000,Retail Trade
BX,65.48,0.98704503,0.64,Buy,1010272,76947949682,60.18191944,1.0827,2905,Finance
BXP,92.37,-0.55980192,-0.52,Sell,516754,15956700000,14.52200422,6.4038,760,Finance
C,60.9283,2.81522106,1.6683,Buy,12317104,126801773800,11.61824099,5.1282,200000,Finance
CABO,2233.95,-0.51126065,-11.48,Buy,21756,13458811546,52.27692852,43.3651,2751,Consumer Services
CAG,36.455,1.29202556,0.465,Strong Buy,1005630,17813808870,17.68637279,2.0409,16500,Consumer Non-Durables
CAH,54.09,0.85772888,0.46,Sell,543435,15847668210,16.219077,3.3351,48000,Distribution Services
CAJ,19.575,-0.38167939,-0.075,Buy,251462,20549400000,36.10804851,0.5446,187041,Electronic Technology
CARR,38.33,0.78885091,0.3,Buy,1040494,33211445840,21.61900972,1.7754,52635,Producer Manufacturing
CAT,178.635,1.16377846,2.055,Buy,1050873,97025878800,29.33368773,6.0699,102300,Producer Manufacturing
CB,151.06,0.59266165,0.89,Buy,502412,68175075840,29.86615222,5.0582,33000,Finance
CBRE,63.05,0.7671408,0.48,Buy,434442,21158887200,19.74813786,3.2124,100000,Finance
CCC,30.28,-0.68875041,-0.21,Strong Buy,310040,18354437530,,-0.5923,4203,Commercial Services
CCEP,47.21,2.67507612,1.23,Buy,403424,21450165720,27.11564546,1.7061,25765,Consumer Non-Durables
CCI,153.25,-0.15636198,-0.24,Sell,1173893,66199899999.99999,96.12951713,1.6043,5100,Finance
CCK,97.18,-0.17462763,-0.17,Buy,224905,13076727705,25.43103448,3.8562,33000,Process Industries
CCL,20.9114,5.55981827,1.1014,Buy,26255476,19569557619,,-10.2795,,Consumer Services
CDAY,109.97,1.42962553,1.55,Buy,1062115,16253895910,1400.7751938,0.0814,5011,Commercial Services
CDNS,133.66,-0.52839175,-0.71,Buy,630345,37269365565,34.88951783,3.9378,8100,Technology Services
CDW,130.3,-0.34416826,-0.45,Sell,477041,18629906520,25.78285218,5.1518,9900,Technology Services
CE,130.19,-0.0153598,-0.02,Buy,298561,15223235850,27.01060012,4.8432,7714,Process Industries
CEO,93.36,0.72283957,0.67,Sell,349952,41383800000,7.06710279,13.116,18703,Energy Minerals
CERN,77.98,0.77539416,0.6,Strong Buy,389376,23886426900,30.25610948,2.5784,27400,Technology Services
CFG,35.405,3.40245327,1.165,Buy,1502526,15118384200,15.50935363,2.2149,5700,Finance
CFXA,155.06,1.46577673,2.24,Buy,1140,18102600000,,,15000,Producer Manufacturing
CG,31.44,1.48482892,0.46,Buy,355814,11124472300,,-0.5689,1775,Finance
CGC,27.045,4.58236659,1.185,Buy,7427256,10077727880,,-3.33617818,4434,Process Industries
CGNX,81.96,1.80101851,1.45,Buy,741535,14319906000,75.83121409,1.0833,2267,Electronic Technology
CHD,86.98,0.48521257,0.42,Buy,312562,21600243000,27.92528309,3.1677,4800,Consumer Non-Durables
CHGG,92.9,-1.05442539,-0.99,Buy,1209034,11963965680,,-0.1876,1401,Commercial Services
CHKP,135.37,1.46154999,1.95,Buy,689018,18995698000,22.73959061,5.9242,5152,Technology Services
CHL,28.2,-0.03544842,-0.01,Sell,1115683,115523000000,7.68183427,3.6928,456239,Communications
CHRW,94.35,-0.04237737,-0.04,Buy,580772,12825145640,28.11569165,3.378,15427,Transportation
CHT,38.33,-1.05833764,-0.41,Buy,70916,30052400000,27.30861413,1.4195,,Communications
CHTR,648.25,1.11527063,7.15,Sell,1253738,129654915000,50.23586015,12.9988,95100,Consumer Services
CHU,5.625,-1.31578947,-0.075,Sell,189616,17440900000,10.20225524,0.5587,256385,Communications
CHWY,102.895,-3.5570344,-3.795,Buy,3050854,42415949770,,-0.4325,12000,Retail Trade
CI,199.55,2.34907935,4.58,Sell,1057763,72018576450,13.67049733,14.3936,73700,Health Services
CINF,85.26,1.54835636,1.3,Strong Buy,655480,13714860280,17.33063617,4.9383,5148,Finance
CL,84.59,0.22511848,0.19,Sell,1517906,72482210640,26.95107932,3.1381,34300,Consumer Non-Durables
CLX,202.79,0.69516858,1.4,Neutral,389103,25551595500,22.3697072,9.1459,8800,Consumer Non-Durables
CM,87.2,1.05458338,0.91,Buy,1502108,38976521580,13.99386649,6.17452282,43853,Finance
CMCSA,49.965,-0.10995602,-0.055,Sell,7204971,228606082397,22.39233593,2.2601,190000,Consumer Services
CME,181.02,0.01104972,0.02,Buy,853745,64948495767,30.16767226,6.0143,4360,Finance
CMG,1407.71,-1.30337236,-18.59,Buy,115246,39402977672,170.64883167,8.5179,83000,Consumer Services
CMI,224.525,0.44063702,0.985,Buy,238598,33212770800,21.06582481,10.6602,61615,Producer Manufacturing
CMS,57.62,0.03472222,0.02,Sell,586706,16507155100,21.54882155,2.6875,8789,Utilities
CNA,38.48,1.39657444,0.53,Buy,150567,10447119555,17.95005203,2.121,5900,Finance
CNC,58.745,1.16239022,0.675,Sell,1821600,34057334520,16.1301075,3.6525,56600,Health Services
CNHI,12.755,3.69918699,0.455,Buy,2338677,17242970800,,-0.3949,63499,Producer Manufacturing
CNI,108.87,0,0,Buy,447225,77312372000,30.42197032,3.58764739,25975,Transportation
CNP,21.461,3.07877041,0.641,Sell,2206313,11702755080,,-1.9511,14262,Utilities
CNQ,23.96,3.9028621,0.9,Buy,1217646,28298197600,,-0.37177616,10180,Energy Minerals
COF,97.06,2.17917676,2.07,Strong Buy,1165955,44413248700,47.69053118,2.0117,51900,Finance
COO,356,0.93850123,3.31,Strong Buy,71842,17481651119,73.40062435,4.8549,12000,Health Technology
COP,40.2,2.99769408,1.17,Sell,4060154,42956166600,,-1.1224,10400,Energy Minerals
COST,362.43,0.11048808,0.4,Sell,1296679,160535751100,37.18200212,9.7697,273000,Retail Trade
COUP,355.24,-1.63643915,-5.91,Buy,579044,25619663952,,-2.1219,1693,Technology Services
CP,340.995,0.45810747,1.555,Buy,79106,45874918920,26.87286144,12.68021711,12694,Transportation
CPB,48.225,0.97361809,0.465,Sell,416251,14615581525,19.51458691,2.4636,14500,Consumer Non-Durables
CPRT,123.63,0.47951886,0.59,Buy,332421,29183677470,43.12502191,2.9092,7600,Commercial Services
CQP,33.52,-1.44075272,-0.49,Strong Sell,137383,16219510200,14.81594424,2.2955,1530,Industrial Services
CREE,105.135,1.6681172,1.725,Buy,664817,11589561900,,-3.1036,5130,Electronic Technology
CRH,42.02,0,0,Buy,110766,32977699999.999996,19.98858339,2.1199,80300,Non-Energy Minerals
CRL,251.93,-0.27313752,-0.69,Buy,149640,12542099164,42.10964978,6.1074,17100,Commercial Services
CRM,229.16,-0.86948999,-2.01,Sell,5285514,209562450000,60.3923925,3.9219,49000,Technology Services
CRSP,174.38,2.52822201,4.3,Buy,1824597,12435073891,,-3.2287,304,Health Technology
CRWD,224.65,-0.11116052,-0.25,Buy,3966391,49689201685,,-0.4757,2309,Technology Services
CS,12.79,5.09449466,0.62,Buy,2586468,29473200000,7.66421059,1.6277,47860,Finance
CSCO,44.55,-0.31326919,-0.14,Buy,7042304,188183087850,18.1467495,2.4718,77500,Technology Services
CSGP,913.4804,0.90026841,8.1504,Buy,52930,36007661755,121.46700119,7.5087,4337,Technology Services
CSX,89.55,0,0,Neutral,2987365,68462658000,24.90059228,3.6009,21000,Transportation
CTAS,340.83,-2.06034483,-7.17,Sell,265051,35653061250,39.06425396,9.1834,40000,Consumer Services
CTLT,104.94,0.04766899,0.05,Buy,381199,17291643020,66.7069448,1.5946,13900,Health Technology
CTSH,81.395,0.46284868,0.375,Buy,881489,43517104195,29.99518715,2.7023,292500,Technology Services
CTVA,39.2677,0.73807081,0.2877,Buy,1179880,29226977680,47.21986675,0.8288,,Process Industries
CTXS,133.06,0.25617842,0.34,Buy,610113,16389035640,28.51250322,4.7526,8400,Technology Services
CVAC,101.155,-7.06082323,-7.685,Sell,465224,18016323528,,,454,Health Technology
CVNA,270.76,-7.12129528,-20.76,Buy,1496998,19135650038,,-2.7243,7324,Retail Trade
CVS,68.2,1.45789943,0.98,Sell,3322082,89385463900,11.09845295,6.0831,290000,Retail Trade
CVX,86.02,1.96775723,1.66,Sell,5026971,165496548500,,-6.1718,48200,Energy Minerals
CXO,58.49,3.02976924,1.72,Buy,672866,11486201925,,-52.4121,1453,Energy Minerals
CZR,76.54,3.000942,2.23,Buy,702074,15952976815,,-9.7644,15500,Consumer Services
D,74.25,1.02040816,0.75,Sell,1916474,60574560750,,-0.1252,19100,Utilities
DAL,40.26,3.38983051,1.32,Buy,9846947,25700680200,,-16.6005,91000,Transportation
DASH,158.28,0.95031571,1.49,Strong Sell,1544454,50251662108,,,,Technology Services
DB,10.93,2.91902072,0.31,Buy,1533479,22574979450,,-0.64659949,87597,Finance
DBX,24.735,-0.54282268,-0.135,Buy,4280456,10230825301,143.34293948,0.1735,2801,Technology Services
DCUE,98.72,0.72441588,0.71,Sell,14941,79958400000,,,19100,Utilities
DD,69.66,-1.07923885,-0.76,Strong Buy,5620104,51090637000,,-4.0786,35000,Process Industries
DDOG,108.31,-2.48491942,-2.76,Buy,1198334,32983922115,,-0.0242,1403,Technology Services
DE,269.35,0.03342494,0.09,Buy,525481,84384983690,30.9796928,8.7767,69600,Producer Manufacturing
DELL,73.58,1.16870617,0.85,Buy,801179,55170601277,22.92658324,3.2772,165000,Electronic Technology
DEO,158.44,0.32928065,0.52,Buy,195449,92254100000,52.89743418,3.0022,27788,Consumer Non-Durables
DFS,88.31,1.69276831,1.47,Buy,889234,27071933491,26.74056967,3.2547,17200,Finance
DG,212.76,-0.14549209,-0.31,Buy,1028159,52126412760,21.11297179,10.1673,143000,Retail Trade
DGX,121.44,0.1980198,0.24,Sell,511651,16366656870,15.01747082,8.1851,47000,Health Services
DHI,71.05,-1.75608407,-1.27,Sell,1365986,25838965810,11.26813231,6.5011,9716,Consumer Durables
DHR,222,-0.41717131,-0.93,Sell,928086,157696590230,51.50639989,4.3999,60000,Health Technology
DIS,174.829,2.56908184,4.379,Buy,7731410,316953793948,,-1.5805,203000,Consumer Services
DISCA,28.3419,4.1598677,1.1319,Buy,2291325,14376024130,13.26152646,2.4397,9200,Consumer Services
DISCK,24.88,4.27493713,1.02,Buy,1101813,12616729341,11.62881372,2.4397,9200,Consumer Services
DISH,30.95,7.16759003,2.07,Sell,4416467,16297062955,11.75800016,2.7327,16000,Consumer Services
DKNG,54.3639,3.74790076,1.9639,Strong Buy,11829096,21254440811,,-1.5209,,Technology Services
DLR,137.35,-0.8589577,-1.19,Sell,1158136,38814100000,56.16410589,2.487,1550,Finance
DLTR,108,-0.89924757,-0.98,Buy,983608,25380744680,26.93324766,4.0604,193100,Retail Trade
DNB,26.92,-0.14836795,-0.04,Buy,253442,11379749100,,-1.0551,4215,Technology Services
DNLI,88.73,-5.16246259,-4.83,Buy,965631,10612743000,,-2.2167,261,Health Technology
DOCU,247.25,-1.72893482,-4.35,Buy,1457141,46079579000,,-1.1864,3909,Technology Services
DOV,124.23,0.63998704,0.79,Buy,363879,17891828480,26.87216998,4.639,24000,Producer Manufacturing
DOW,55.1322,0.84543625,0.4622,Buy,1487985,40952127920,,-3.1657,36500,Process Industries
DPZ,403.79,1.27156902,5.07,Buy,325353,15900792751,34.17473065,11.9109,13100,Consumer Services
DRE,38.89,-1.31946207,-0.52,Buy,776630,14658600000,67.40208654,0.5856,400,Finance
DRI,120.255,0.51404213,0.615,Strong Buy,778948,15655248000,,-0.9259,177000,Consumer Services
DT,43.99,-1.16827679,-0.52,Buy,793605,12412268000,160.3963964,0.2824,2243,Technology Services
DTE,118.68,-0.20181635,-0.24,Sell,419803,22985250000,16.83942226,7.0695,10700,Utilities
DTP,46.76,-0.31976124,-0.15,Sell,283039,23018200000,6.64259417,7.0695,10700,Utilities
DUK,89.36,-0.18988049,-0.17,Sell,1076452,65750577060,32.74808881,2.7384,28793,Utilities
DVA,115.21,0.02604619,0.03,Buy,253464,12913600000,17.47587546,6.6939,65000,Health Services
DXCM,358.41,1.18002428,4.18,Buy,453174,34422053496,146.77633215,2.476,5200,Health Technology
E,20.77,2.61857708,0.53,Buy,164868,35864800000,,-6.0226,32053,Energy Minerals
EA,141.7,1.62805709,2.27,Buy,1195309,41103910900,31.0548354,4.5338,9800,Consumer Durables
EBAY,51.535,-0.16466486,-0.085,Buy,3287453,35518140450,7.19031633,7.2354,13300,Consumer Services
EC,13.145,1.03766334,0.135,Buy,345028,26746400000,18.44343635,0.7054,15157,Energy Minerals
ECL,214.655,-0.25788764,-0.555,Buy,271012,61270769250,,-3.727,50200,Process Industries
ED,70.08,0.61737258,0.43,Sell,1424283,23989173920,17.23114223,4.0539,14890,Utilities
EDU,171.17,0.68823529,1.17,Buy,324923,28928200000,73.40875723,2.324,81127,Consumer Services
EFX,193.005,-0.52826882,-1.025,Buy,126849,23489263300,53.92718177,3.6395,11200,Commercial Services
EIX,61.49,0.27723418,0.17,Neutral,394336,23316462400,62.39951155,0.9874,12937,Utilities
EL,260,0.98656102,2.54,Buy,382077,94017411540,156.47259025,1.6928,48000,Consumer Non-Durables
ELAN,30.46,0.82754055,0.25,Buy,1004034,14360373450,,-0.5677,5760,Process Industries
ELS,60.53,-2.08670333,-1.29,Sell,320167,11265100000,51.49092121,1.2025,,Finance
EMN,101.36,0.38625334,0.39,Buy,260881,13737809880,29.18461138,3.4779,14500,Process Industries
EMR,80.19,1.08407916,0.86,Buy,1319129,47956747410,24.44834813,3.2631,83500,Producer Manufacturing
ENB,32.165,0.830721,0.265,Buy,2862767,65141201300,44.50639753,0.72333895,11300,Industrial Services
ENIA,8.19,0.86206897,0.07,Strong Buy,338103,12356400000,9.76430976,0.8316,17295,Utilities
ENPH,179.9,1.48361257,2.63,Buy,2058789,22681826820,138.57879925,1.4454,577,Electronic Technology
ENTG,96.255,-1.37807377,-1.345,Buy,265402,12994329920,50.03845168,1.9716,5300,Electronic Technology
EOG,50.24,2.84544524,1.39,Buy,2406069,29367248520,,-0.5269,2900,Energy Minerals
EPAM,354.805,-0.18426827,-0.655,Buy,129295,19836867270,65.49964068,5.6976,36739,Technology Services
EPD,20.24,0.29732408,0.06,Buy,4274119,44203320000,9.81756264,2.0585,7300,Industrial Services
EQH,25.395,2.23429952,0.555,Buy,755745,11292750180,,-0.9684,7900,Finance
EQIX,708.615,-0.67630074,-4.825,Sell,151683,63568700000,139.97802543,5.1319,8378,Finance
EQNR,16.345,2.86343612,0.455,Buy,3240698,51187500000,,-1.0228,21412,Energy Minerals
EQR,57.29,-0.96802074,-0.56,Sell,557542,21534800000,23.02670859,2.5502,2700,Finance
ERIC,11.755,-0.21222411,-0.025,Sell,4441316,36121700000,25.45375972,0.4639,99417,Electronic Technology
ERIE,251.89,0.73988162,1.85,Buy,88559,11692430328,45.04981713,6.2295,5700,Finance
ES,83.16,-0.49060668,-0.41,Sell,548949,28526385040,23.72664812,3.5376,8234,Utilities
ESS,231.93,-1.19285988,-2.8,Sell,151118,15305500000,25.72439944,9.1393,1822,Finance
ESTC,158.52,-0.35202414,-0.56,Buy,306405,13857856635,,-1.4911,1343,Technology Services
ET,6.5222,0.9628483,0.0622,Buy,13274405,17631430000,,-0.0942,12812,Industrial Services
ETN,117.24,0.54026241,0.63,Buy,678961,46735850000,34.41650434,3.4042,101000,Producer Manufacturing
ETR,95.46,-0.57285699,-0.55,Sell,794347,19114242180,13.92821911,6.9317,13635,Utilities
ETSY,191.67,-2.89289695,-5.71,Buy,1472137,24157774690,109.53385128,1.9337,1240,Commercial Services
EVRG,52.9302,0.53219373,0.2802,Sell,2101034,12014156880,18.98391866,2.7783,4617,Utilities
EW,88.76,0.86363636,0.76,Buy,982222,55282097600,70.55805003,1.2708,13900,Health Technology
EXAS,141.125,-0.70011258,-0.995,Buy,990215,22439133000,,-2.196,4110,Health Technology
EXC,41.735,-0.0598659,-0.025,Buy,1686602,40725253140,17.14496859,2.4377,32713,Utilities
EXPD,94.99,0.3062302,0.29,Buy,314104,16078577340,25.51047896,3.7704,18000,Transportation
EXPE,127.17,3.26431181,4.02,Buy,931822,18003741470,,-15.6148,25400,Consumer Services
EXR,112.84,-2.04010765,-2.35,Buy,264135,14886600000,34.18303757,3.3875,4048,Finance
F,9.025,2.67349261,0.235,Buy,37862816,35885457326,,-0.0328,190000,Consumer Durables
FAST,49.195,-0.55589246,-0.275,Buy,640422,28228497000,33.82332832,1.4671,21948,Distribution Services
FB,270.125,1.13632109,3.035,Sell,10848033,769523511090,30.41542351,8.8651,44942,Technology Services
FBHS,87.91,0.14809752,0.13,Strong Buy,272325,12213248390,24.94884038,3.5559,24700,Producer Manufacturing
FCAU,17.88,0.50590219,0.09,Buy,968624,28155814800,798.46107947,0.02849541,191752,Consumer Durables
FCX,24.985,3.03092784,0.735,Buy,10434074,36278163900,,-0.0759,27500,Non-Energy Minerals
FDS,326.88,-1.24471299,-4.12,Sell,109506,12397516808,33.66489697,,10484,Technology Services
FDX,271.66,-0.59279859,-1.62,Sell,1766780,71325239040,29.69240631,9.3125,245000,Transportation
FE,29.435,-1.71953255,-0.515,Sell,3365789,15990127300,26.78411733,1.121,12316,Utilities
FFIV,176.31,0.38146208,0.67,Buy,183164,10866170809,34.96923965,5.0488,6109,Electronic Technology
FICO,510.87,-0.92122105,-4.75,Buy,77154,14897114472,65.26422378,8.1336,4003,Technology Services
FIS,134.9,0.06676063,0.09,Strong Sell,4506273,83694253920,,-0.17,55000,Technology Services
FISV,110.93,0.37097358,0.41,Sell,1870819,74378391720,84.12879653,1.3385,44000,Technology Services
FITB,27.755,3.06349796,0.825,Buy,2264457,19748282400,13.44080655,2.0222,19869,Finance
FIVN,180.43,-3.3324404,-6.22,Buy,399551,11898791836,,-0.5352,1210,Technology Services
FLT,270.01,0.20411193,0.55,Buy,231661,22519266016,32.50030153,8.5961,8700,Commercial Services
FMC,114.43,0.66860209,0.76,Sell,188877,14857176500,29.89506351,3.8287,6400,Process Industries
FMS,41.57,0.84910238,0.35,Sell,64014,23172400000,16.36168777,2.5229,120659,Health Services
FMX,73.51,0.46467131,0.34,Buy,101364,15813400000,92.92608585,0.7874,241876,Consumer Non-Durables
FND,99.84,-0.93272475,-0.94,Buy,289266,10392940195,61.57888305,1.6939,7317,Retail Trade
FNF,38.38,-0.10411244,-0.04,Buy,686626,11271208120,11.30665097,3.4327,25063,Finance
FNV,129.55,1.07669501,1.38,Strong Sell,294958,24726102240,92.44725822,1.38918211,42,Non-Energy Minerals
FOX,27.71,2.70570793,0.73,Sell,586744,16503739560,10.22202016,2.649,9000,Consumer Services
FOXA,28.055,2.8786212,0.785,Sell,1380355,16700212650,10.33189361,2.649,9000,Consumer Services
FRC,140.13,2.54665203,3.48,Strong Buy,299961,24108568260,24.42795853,5.6284,,Finance
FSLR,101.97,-3.0334728,-3.19,Buy,2389948,10800014160,50.36157272,2.107,6600,Electronic Technology
FSLY,102.2,-2.45299227,-2.57,Buy,2718012,11590620000,,-0.6446,630,Technology Services
FTCH,63.99,-1.31091919,-0.85,Buy,2690321,21718081512,,-3.4554,4532,Technology Services
FTNT,151.33,-0.53894183,-0.82,Buy,693878,24541351760,56.82539683,2.7363,7082,Electronic Technology
FTS,40.735,0.85417182,0.345,Sell,241508,18939450000,20.29909794,1.99460977,9000,Utilities
FTV,69.43,1.41688577,0.97,Buy,1597731,23414890240,44.6721044,1.547,25000,Electronic Technology
GD,148.15,1.12627986,1.65,Sell,536375,42526380680,13.29015168,11.0722,102900,Electronic Technology
GDDY,85.08,-0.25791325,-0.22,Buy,300552,14285272320,,-3.0726,7024,Technology Services
GDRX,48.43,0.22764901,0.11,Buy,1013467,18901368641,913.42155009,0.0529,,Technology Services
GDS,92.1075,-1.48930481,-1.3925,Buy,300572,16685000000,,-0.5329,1087,Technology Services
GE,10.905,2.78039585,0.295,Buy,40339098,95570181700,25.37670414,0.4188,205000,Electronic Technology
GGG,72.94,0.64854423,0.47,Buy,188578,12213738900,41.42563165,1.7977,3700,Producer Manufacturing
GH,135,-0.68417568,-0.93,Buy,845799,13527265444,,-1.9113,622,Health Services
GIB,78.54,0.21691974,0.17,Buy,62940,20088498895,24.92267874,3.19124088,76000,Technology Services
GILD,57.365,0.64035088,0.365,Sell,6240451,71915016100,59.12863071,0.9848,11800,Health Technology
GIS,59.035,0.74232082,0.435,Sell,1351859,36102297665,15.03142234,3.9313,35000,Consumer Non-Durables
GLW,36.58,1.41391738,0.51,Buy,1624578,27943665750,174.84246243,0.2564,49500,Electronic Technology
GM,42.82,4.69437653,1.92,Buy,13062990,61274381100,18.34492039,2.244,164000,Consumer Durables
GMAB,39.17,-2.05051263,-0.82,Buy,322187,26157500000,31.22267333,1.2934,548,Health Technology
GNRC,227.465,0.06818882,0.155,Buy,361227,14299020997,49.08125148,4.7238,5689,Producer Manufacturing
GOLD,22.9,1.68738899,0.38,Sell,9230912,40710286350,13.24283073,1.70061763,,Non-Energy Minerals
GOOG,1735.6498,0.70494923,12.1498,Sell,503936,1174147015060,34.41562332,52.2107,118899,Technology Services
GOOGL,1730.0725,0.57274651,9.8525,Sell,653145,1170744592280,34.3501268,52.2107,118899,Technology Services
GPC,99.6,0.97323601,0.96,Strong Buy,348239,14373022320,783.47895155,0.1384,55000,Distribution Services
GPN,199.975,1.08426427,2.145,Buy,756321,59822499450,117.97364184,1.6847,24000,Technology Services
GRMN,120.49,1.1331207,1.35,Buy,313364,23027803355,22.38926578,5.3451,15000,Electronic Technology
GS,258.235,3.25682754,8.145,Strong Buy,2438278,88791908420,14.42230616,17.5319,38300,Finance
GSK,36.195,0.29093932,0.105,Sell,2160196,89875500000,11.20807453,3.2545,99437,Health Technology
GWRE,128.97,1.55917789,1.98,Buy,278124,10789216044,,-0.391,2690,Technology Services
GWW,410.2775,-0.01279458,-0.0525,Buy,201972,22015727982,35.14122262,11.7506,25300,Distribution Services
HAL,19.4882,1.92573222,0.3682,Buy,6410834,17233716465,,-4.9713,55000,Industrial Services
HAS,92.69,0.33557047,0.31,Buy,372595,12699347925,32.30182874,2.8719,5600,Consumer Durables
HBAN,12.35,1.81368508,0.22,Buy,11598898,12614441600,17.14245336,0.7184,,Finance
HCA,165.855,1.58326698,2.585,Buy,362491,56156715000,16.52363121,10.0476,280000,Health Services
HD,270.285,0.0907273,0.245,Buy,1409071,291010363000,23.33805787,11.6189,415700,Retail Trade
HDB,69.18,1.11078632,0.76,Buy,361270,125587000000,31.17510366,2.2028,116971,Finance
HEI,131.93,2.20001549,2.84,Buy,188044,17836936000,56.54402102,2.3309,,Electronic Technology
HEI.A,118.58,1.26387703,1.48,Buy,56566,16066492000,51.29215944,2.3309,,Electronic Technology
HES,54.49,4.60741025,2.4,Buy,664052,16757191890,,-10.5824,1775,Energy Minerals
HIG,48.26,1.30142737,0.62,Buy,872044,17291214150,9.97090772,4.811,19500,Finance
HLT,106.15,3.108305,3.2,Buy,1314745,29439795060,,-1.1498,173000,Consumer Services
HMC,28.7458,-0.22283929,-0.0642,Sell,379056,49744700000,21.6047994,1.3335,218674,Consumer Durables
HOLX,75.21,0.723182,0.54,Buy,900129,19329722100,17.7586986,4.2422,5814,Health Technology
HON,210.77,1.36096951,2.83,Buy,1027981,147747004160,29.86999928,7.0353,113000,Producer Manufacturing
HPE,11.795,1.59345392,0.185,Buy,3917713,15256832500,,-0.2514,59400,Electronic Technology
HPQ,24.315,0.64155629,0.155,Buy,3003337,31389837600,12.05949885,2.0126,53000,Electronic Technology
HRL,47.24,0.4465235,0.21,Sell,526815,25516524680,28.30574782,1.6881,19100,Consumer Non-Durables
HSBC,26.02,1.91931061,0.49,Buy,2233651,103997000000,,-0.5476,235000,Finance
HSBC/PA,25.11,-0.03980892,-0.01,Sell,57163,104100170457.57204,,-0.10691454,235000,Finance
HSY,149.5,0.59211412,0.88,Buy,327728,31125820413,26.0764291,5.7271,16140,Consumer Non-Durables
HTHT,44.63,-0.13425822,-0.06,Sell,482836,14362300000,,-1.1365,18352,Consumer Services
HUBS,411.97,-1.49442877,-6.25,Buy,248230,18905691200,,-1.8092,3387,Technology Services
HUM,406.45,4.6364947,18.01,Buy,1041744,53780735580,12.44848384,31.3993,47200,Health Services
HWM,27.72,4.76190476,1.26,Buy,1811621,12026006940,25.01891074,1.0637,41700,Non-Energy Minerals
HZNP,67.74,-0.58702671,-0.4,Sell,3424877,14937652800,18.6068103,4.0553,1200,Health Technology
IAU,17.845,0.4786036,0.085,Buy,14657787,31324200000,4.94707521,3.59,,Miscellaneous
IBM,124.39,0.63101691,0.78,Buy,1861242,110838580230,13.99506363,8.8954,383800,Technology Services
IBN,13.905,1.79355783,0.245,Buy,3334402,47146100000,23.9271326,0.5793,99319,Finance
ICE,112.53,-0.55673383,-0.63,Buy,663170,63138837160,31.15981936,3.6529,5989,Finance
ICLR,192.33,-1.05972529,-2.06,Sell,120466,10155531736,31.60556052,6.2111,14650,Health Technology
IDXX,495.24,-0.78333166,-3.91,Buy,117852,42249040470,86.99175657,5.8266,9200,Health Technology
IEP,51.04,0.7500987,0.38,Buy,222083,11845465280,,-8.853,28033,Producer Manufacturing
IEX,195.275,-0.56774785,-1.115,Buy,147891,14783450095,40.08531831,4.9456,7439,Producer Manufacturing
IFF,111.4,-3.0967293,-3.56,Sell,1065851,11902712230,34.40474053,3.3856,13600,Consumer Non-Durables
IHG,63.16,2.91673456,1.79,Buy,69847,11161500000,,-0.7195,14436,Consumer Services
ILMN,369.63,-0.35852922,-1.33,Buy,437071,54005400000,86.05363274,4.3485,7700,Health Technology
IMO,19.1,4.60021906,0.84,Buy,220704,14035552240,,-0.45435149,6000,Energy Minerals
INCY,88.22,0.26139334,0.23,Buy,227294,19343916680,,-1.5458,1456,Health Technology
INFO,86.13,-0.85184759,-0.74,Sell,1872628,34101760860,38.05414403,2.3258,15500,Technology Services
INFY,16.57,-0.06031363,-0.01,Buy,4140677,70623000000,28.96069869,0.5734,242371,Technology Services
ING,9.555,4.19847328,0.385,Buy,3041479,35755400000,,0.7602,56196,Finance
INTC,46.84,1.45115876,0.67,Sell,14960063,191893357800,9.05489419,5.1491,110800,Electronic Technology
INTU,379.93,-0.01052715,-0.04,Buy,558270,104101854020,51.01706521,7.5241,10600,Technology Services
INVH,28.72,-1.03376981,-0.3,Sell,1113844,16266700000,153.22069694,0.1898,1140,Finance
IP,49.705,0.61740891,0.305,Buy,962422,19517599155,39.46947907,1.2573,51000,Process Industries
IPGP,221.27,1.14737612,2.51,Strong Buy,47299,11793845889,110.94994167,1.993,5960,Electronic Technology
IQV,175.4,-0.89275624,-1.58,Buy,527904,33632574920,197.10435461,0.9185,67000,Health Services
IR,45.715,0.34021071,0.155,Buy,470285,19091055760,,-0.362,6600,Producer Manufacturing
ISRG,813.3707,-0.23051825,-1.8793,Buy,250484,95628641400,92.89433803,9.0405,7326,Health Technology
IT,157.81,0.88218372,1.38,Buy,164551,14091258558,65.63312914,2.4052,16724,Commercial Services
ITUB,6.16,1.65016502,0.1,Buy,26165570,29113300000,14.54283657,0.4186,95000,Finance
ITW,203.1,0.35080785,0.71,Sell,317259,64278881600,30.70562711,6.6219,45000,Producer Manufacturing
IX,73.38,-2.10779082,-1.58,Sell,28901,18705800000,8.61896494,8.7029,31233,Finance
J,107.2,1.02723589,1.09,Buy,188310,13936562820,36.89114487,2.9119,55000,Industrial Services
JBHT,138.735,-0.8043758,-1.125,Buy,253483,14657677300,30.12536079,4.6904,29056,Transportation
JCI,45.96,0.70113935,0.32,Buy,1486767,33241855360,54.35921868,0.8439,97000,Producer Manufacturing
JD,84.81,2.4399082,2.02,Buy,9841300,109286000000,31.96525097,2.7079,227730,Retail Trade
JHX,29.33,2.58831759,0.74,Buy,8326,12698700000,85.03866746,0.3374,,Non-Energy Minerals
JKHY,156.705,1.28296277,1.985,Strong Sell,301287,11964853836,39.82496782,3.8939,6717,Technology Services
JNJ,152.59,-0.0851231,-0.13,Strong Buy,2584727,401593977000,23.99710878,6.4512,132200,Health Technology
JPM,125.45,3.1067642,3.78,Buy,9369493,382427172000,15.87883692,7.6769,256981,Finance
K,61.65,0.75175682,0.46,Sell,708337,21193343580,17.71261506,3.4777,31000,Consumer Non-Durables
KB,39.93,0.25106703,0.1,Sell,70510,15519100000,5.51646769,7.2854,183,Finance
KDP,31.625,1.78628902,0.555,Strong Buy,1572979,44539462500,33.88961606,0.926,25500,Consumer Non-Durables
KEP,11.97,1.01265823,0.12,Buy,80375,15214500000,241.34419552,0.0491,,Utilities
KEY,16.33,3.74841169,0.59,Buy,3791190,15940921725,13.70841317,1.1579,,Finance
KEYS,130.72,1.57743414,2.03,Buy,662436,24340164730,38.88385303,3.3546,13900,Electronic Technology
KHC,34.955,1.64291945,0.565,Buy,1956579,42742795200,,-0.4034,37000,Consumer Non-Durables
KKR,39.7,0.5317802,0.21,Buy,1541370,22602495190,24.18100545,1.7512,1384,Finance
KL,42.1,2.48296008,1.02,Neutral,849558,12266499150,14.37660082,2.88362343,2583,Non-Energy Minerals
KLAC,254.44,-1.22287356,-3.15,Sell,421428,39469545060,31.33774544,8.282,10600,Electronic Technology
KMB,134.01,1.01002487,1.34,Strong Sell,802511,45585160740,19.29184237,6.915,40000,Consumer Non-Durables
KMI,13.885,0.76197388,0.105,Sell,10650358,31434987940,285.89211618,0.0482,11086,Industrial Services
KMX,93.76,1.54879238,1.43,Sell,1718119,15374951900,20.34551905,4.5987,27050,Retail Trade
KO,53.175,0.78658074,0.415,Buy,4195094,228515840250,27.36088783,1.9424,86200,Consumer Non-Durables
KR,31.525,2.05568145,0.635,Sell,6068302,24001464175,8.14867574,3.8305,435000,Retail Trade
KSU,199.885,1.99775476,3.915,Strong Buy,407829,18710023824,32.43677172,6.0727,7040,Transportation
L,44.17,2.60162602,1.12,Buy,507572,12141140410,,-3.9408,18605,Finance
LB,39.275,3.35526316,1.275,Buy,1243290,10922730975,,-0.7575,94400,Retail Trade
LBRDA,155.25,2.09114224,3.18,Neutral,131821,27709613477,123.66430837,1.2394,56,Consumer Services
LBRDK,156.58,1.24143282,1.92,Neutral,1288090,27973786550,125.77051313,1.2394,56,Consumer Services
LBTYA,24.345,2.37594617,0.565,Buy,692538,14189894244,,-3.2794,20200,Consumer Services
LBTYK,23.665,1.91645134,0.445,Buy,2240052,13784635296,,-3.2794,20200,Consumer Services
LDOS,105.21,2.79433317,2.86,Buy,310614,14970034385,24.08235294,4.3099,34000,Technology Services
LEN,78.86,-1.84217077,-1.48,Strong Buy,1118112,24662455592,10.23009436,7.9112,,Consumer Durables
LEN.B,63.05,-2.20257484,-1.42,Strong Buy,21455,19718080460,8.20928782,7.9112,,Consumer Durables
LFC,10.71,-0.09328358,-0.01,Strong Sell,172323,15953900000,8.94974119,1.1978,,Finance
LH,204.405,0.49904125,1.015,Buy,223101,19903690000,23.66458399,8.6751,65000,Health Services
LHX,186.5447,1.32241595,2.4347,Sell,484149,39190090240,30.48532115,6.0928,,Electronic Technology
LI,30.7101,-1.85330777,-0.5799,Sell,13061389,22519000000,,-0.2639,2628,Producer Manufacturing
LII,274.47,0.60479437,1.65,Sell,102158,10488998236,29.3987069,9.3458,11200,Producer Manufacturing
LIN,257.34,1.53081354,3.88,Strong Buy,592488,135077197520,60.3303818,4.2338,79886,Process Industries
LKQ,36.22,0.66703724,0.24,Buy,466132,11018810725,18.41256845,1.9571,51000,Consumer Durables
LLY,166.37,-0.20993282,-0.35,Buy,873142,159117849880,27.2917758,6.1274,33625,Health Technology
LMT,353.64,1.6440561,5.72,Strong Sell,794364,98970792160,14.99312657,23.318,110000,Electronic Technology
LN,51.83,0.30965744,0.16,Buy,6006,12596500000,,-1.6251,6998,Technology Services
LNG,58.18,1.04202848,0.6,Buy,471473,14687392280,17.29960341,4.1188,1530,Industrial Services
LNT,49.73,-0.88689586,-0.445,Strong Sell,533542,12420614530,18.72970249,2.6819,3597,Utilities
LOGI,94.0718,-0.99789518,-0.9482,Buy,246792,15874616250,23.31035887,4.14127891,6600,Electronic Technology
LOW,162.85,-1.06919385,-1.76,Buy,2034681,119301958860,23.24474695,7.0922,320000,Retail Trade
LRCX,475.55,-0.29353182,-1.4,Buy,375339,68472679275,27.06037877,17.9925,11300,Electronic Technology
LSXMA,42.75,1.11163671,0.47,Buy,283703,14574437864,50.59837243,0.8442,,Consumer Services
LSXMK,42.87,0.98939929,0.42,Buy,182966,14605070732,51.47950521,0.8266,,Consumer Services
LU,14.51,4.76534296,0.66,Sell,2478075,34131900000,,,84647,Technology Services
LULU,356.95,-0.86649818,-3.12,Sell,936261,46480190790,84.59496288,4.2755,19000,Retail Trade
LUMN,9.895,1.17586912,0.115,Sell,6643216,10845130050,8.27061311,1.1878,42500,Communications
LUV,47.01,3.72903795,1.69,Buy,4636842,27748733730,,-2.7897,60800,Transportation
LVS,56.94,1.22666667,0.69,Sell,1415492,43538807062,,-0.9941,50000,Consumer Services
LW,78.34,1.29299198,1,Buy,304132,11461270480,33.51824564,2.3218,7700,Consumer Non-Durables
LYB,91.55,1.93742345,1.74,Buy,467152,30588649995,25.55049787,3.5178,19100,Process Industries
LYFT,50.12,1.23207433,0.61,Buy,4388956,15898358034,,-5.3703,5683,Technology Services
LYG,1.9613,8.35911602,0.1513,Buy,8414382,32040400000,88.7254902,0.0204,77754,Finance
LYV,72.06,0.0694348,0.05,Buy,1066276,15637851925,,-6.9398,10500,Consumer Services
MA,331.3492,-0.26811943,-0.8908,Sell,1936456,330385897810,49.85968335,6.6937,18600,Finance
MAA,123.03,-1.79597701,-2.25,Sell,261304,14328300000,45.13293465,2.7793,2513,Finance
MAR,128.225,1.55631237,1.965,Buy,1064560,41631287953,239.8556231,0.5348,174000,Consumer Services
MAS,56.56,-0.12360939,-0.07,Buy,741492,14803011320,28.62992922,1.9812,22000,Producer Manufacturing
MASI,267.225,0.23819348,0.635,Buy,66607,14701390056,69.25494882,4.1,5300,Health Technology
MCD,212.69,0.36334466,0.77,Buy,1081283,158500011920,32.34629709,6.6026,205000,Consumer Services
MCHP,136.63,-0.23366192,-0.32,Buy,639872,35569965360,58.35108649,2.5032,18000,Electronic Technology
MCK,171.0075,0.58673019,0.9975,Sell,296071,27478922960,12.91378656,13.2433,80000,Distribution Services
MCO,277.44,-1.36168095,-3.83,Sell,193577,52131402000,29.24564596,9.7077,11000,Commercial Services
MDB,376.42,-4.94444444,-19.58,Buy,1172391,22685440646,,-4.3635,1813,Technology Services
MDLZ,57.5,0.59482155,0.34,Sell,2493484,82205596800,26.28287659,2.1905,80000,Consumer Non-Durables
MDT,114.34,-0.25298787,-0.29,Buy,1284376,153728944200,43.78533231,2.6371,90000,Health Technology
MELI,1678.565,-3.10697938,-53.825,Buy,271437,83425581600,,-0.083,9703,Technology Services
MET,46.265,2.33355452,1.055,Buy,2634671,41631640740,7.42132996,6.1311,49000,Finance
MFC,17.45,1.45348837,0.25,Buy,1085290,33850033500,8.68287982,1.98412877,35000,Finance
MFG,2.54,0,0,Sell,269127,32207600000,1.19086689,2.1329,57264,Finance
MGA,72.41,9.11693791,6.05,Buy,4940393,21672698880,47.79744945,1.39928879,165000,Producer Manufacturing
MGM,31.01,2.17462932,0.66,Buy,3281735,15329396865,10.84277089,2.8316,70000,Consumer Services
MKC,92.83,-0.13984509,-0.13,Sell,354060,24793211744,16.44145738,2.8552,12400,Consumer Non-Durables
MKC.V,93.525,1.0534846,0.975,Buy,571,24954639780,16.36894234,2.8552,12400,Consumer Non-Durables
MKL,989.03,0.83911093,8.23,Sell,20072,13625150690,30.22803552,32.6251,18600,Finance
MKTX,574.63,-2.65788047,-15.69,Buy,88168,21814966005,81.32585725,7.4165,527,Finance
MLM,274.99,0.61836809,1.69,Buy,157724,17118554838,25.5241653,10.7235,8846,Non-Energy Minerals
MMC,113.92,-0.41958042,-0.48,Sell,431137,57769054900,28.73144637,4.0226,76000,Finance
MMM,174.6325,-0.08439181,-0.1475,Buy,714564,100672743660,20.48523207,8.6025,96163,Producer Manufacturing
MNST,89.09,0.92896794,0.82,Buy,772310,47024206775,39.6897482,2.2444,3529,Consumer Non-Durables
MO,42.9684,0.98331375,0.4184,Buy,4909741,79884183700,110.57692308,0.3853,7300,Consumer Non-Durables
MOH,209.43,1.79847373,3.7,Buy,102794,12429280000,15.42759014,13.528,10000,Health Services
MPC,41.175,3.79379884,1.505,Buy,2806710,26767782140,,-14.9156,60910,Energy Minerals
MPLX,22.15,1.04927007,0.23,Buy,921550,23060568900,,-1.9918,6200,Industrial Services
MPW,21.645,0.34770515,0.075,Buy,1785781,11561500000,24.86455331,0.8695,86,Finance
MPWR,357.27,0.906626,3.21,Buy,295314,16118118770,107.57778318,3.4593,2002,Electronic Technology
MRK,80.15,0.91916394,0.73,Sell,3705784,202807204800,17.54207713,4.543,71000,Health Technology
MRNA,130.075,3.33253893,4.195,Sell,38368703,51430428700,,-1.622,830,Health Technology
MRTX,235.92,-0.9280645,-2.21,Buy,139818,11850752459,,-7.7034,111,Health Technology
MRVL,46.68,-0.99681866,-0.47,Buy,4186075,31287156776,21.60465543,2.2224,5633,Electronic Technology
MS,68.645,3.00870348,2.005,Buy,5472573,108268225400,11.24232404,6.0095,60431,Finance
MSCI,430.83,-1.54257507,-6.75,Buy,106896,35728573950,65.40611641,6.7504,3396,Technology Services
MSFT,222.4501,-0.66531214,-1.4899,Buy,11560021,1681833981050,36.12518148,6.257,163000,Technology Services
MSI,169.17,1.02717229,1.72,Buy,389248,28676510680,37.47174794,4.5846,17000,Electronic Technology
MT,23.3201,1.17180043,0.2701,Buy,1694128,23618812898,,-3.6957,191248,Non-Energy Minerals
MTB,125.09,3.26069011,3.95,Buy,326119,16037591765,12.08692529,10.0265,17503,Finance
MTD,1126.61,0.09595479,1.08,Sell,35780,26862199832,47.3600276,24.0834,16200,Health Technology
MTN,273.12,0.63745901,1.73,Sell,228180,11003076192,237.45734535,1.2683,43500,Consumer Services
MU,70.271,-0.2399205,-0.169,Buy,6079799,78298328700,29.67644085,2.4201,40000,Electronic Technology
MUFG,4.365,0.80831409,0.035,Buy,1279028,55617400000,18.59167024,0.2338,138570,Finance
MXIM,86.06,-0.40504571,-0.35,Buy,803980,23022635130,34.17846689,2.5522,7115,Electronic Technology
NDAQ,128.43,-1.13163972,-1.47,Buy,269342,21080523380,23.81039666,5.536,4361,Finance
NDSN,198.7,0.0302054,0.06,Sell,67935,11531455150,46.49159762,4.3245,7555,Producer Manufacturing
NEE,74.555,-0.20746888,-0.155,Buy,2846589,146107440600,37.70756574,1.9916,13900,Utilities
NEM,60.06,1.0940919,0.65,Sell,2265132,48265748640,18.72124535,3.1825,31600,Non-Energy Minerals
NET,82.9611,-4.15769409,-3.5989,Buy,3681750,25502905426,,-0.3794,1270,Technology Services
NFLX,519.45,-1.49432044,-7.88,Buy,1522076,229410889650,85.19200633,6.3762,8600,Consumer Services
NGG,57.78,1.74326466,0.99,Sell,268323,39984700000,21.38983051,2.6603,23069,Utilities
NICE,278.6,0.7230658,2,Buy,126749,17351800000,88.91317625,3.2707,5996,Technology Services
NIO,47.5455,-0.07250946,-0.0345,Buy,70864949,61002900000,,-0.9402,,Consumer Durables
NKE,141.999,-0.31660232,-0.451,Buy,1980147,222975812400,81.07108303,1.8037,75400,Consumer Non-Durables
NLOK,21.03,-1.45267104,-0.31,Buy,2414361,12449985450,5.43265192,4.1215,3600,Technology Services
NLY,8.475,1.74069628,0.145,Buy,6762080,11647300000,,-0.4738,185,Finance
NMR,5.175,1.27201566,0.065,Buy,40031,15625400000,7.45006561,0.7061,26629,Finance
NOC,301.36,1.70086393,5.04,Sell,385114,50218193520,20.27034422,14.672,90000,Electronic Technology
NOK,3.89,0.25773196,0.01,Sell,23099929,21794200000,26.52084757,0.1469,,Electronic Technology
NOW,554.13,-1.35120701,-7.59,Buy,522436,108080112790,158.9653611,3.7004,10371,Technology Services
NSC,232.99,1.0802603,2.49,Buy,554224,59168345600,29.70475663,7.7988,,Transportation
NTAP,66.675,0.74796011,0.495,Buy,881713,14895311800,21.69124877,3.0821,10800,Electronic Technology
NTCO,19.83,2.42768595,0.47,Strong Buy,218629,13307200000,,-0.3062,1175,Consumer Non-Durables
NTES,92.53,0.03243243,0.03,Buy,613612,63919700000,31.70957458,2.9171,20797,Technology Services
NTR,46.57,0.12900452,0.06,Sell,2874887,26519357870,210.66711597,0.22077485,22300,Process Industries
NTRS,92.47,2.06401766,1.87,Buy,269013,19228299190,15.00049671,6.0632,19800,Finance
NUAN,43.5416,-1.01932257,-0.4484,Buy,1004548,12398717440,470.48128342,0.098,7100,Technology Services
NUE,52.605,-0.91354304,-0.485,Sell,970769,15879955755,37.71668088,1.4082,26800,Non-Energy Minerals
NVCR,172.36,0.79532164,1.36,Strong Buy,414892,17525371520,966.64782363,0.1906,782,Health Technology
NVDA,525.2832,-1.10082277,-5.8468,Sell,2869477,325052375000,86.81006162,6.2173,13775,Electronic Technology
NVO,69.598,-1.4471821,-1.022,Buy,554421,124613000000,26.61892198,2.6597,43258,Health Technology
NVR,4164.91,-0.88975085,-37.39,Strong Buy,6721,15442834509,19.36817789,231.5044,5700,Consumer Durables
NVS,88.51,0.37423452,0.33,Buy,683700,194410000000,28.35552126,3.1345,103914,Health Technology
NWG,4.475,6.80190931,0.285,Buy,1549734,25376700000,24.69063052,0.1708,62900,Finance
NWS,17.55,0.17123288,0.03,Sell,257176,10376578450,,-1.7127,23500,Consumer Services
NWSA,17.735,0.53854875,0.095,Buy,1069619,10471072050,,-1.7127,23500,Consumer Services
NXPI,157.56,0.7545722,1.18,Buy,879696,44096992500,,-0.5143,29400,Electronic Technology
O,60.52,-0.67290333,-0.41,Sell,1437261,21385800000,50.54334301,1.2062,194,Finance
ODFL,197.42,-0.62418202,-1.24,Sell,213939,23165832640,37.66566179,5.3029,20105,Transportation
OKE,38.98,0.90603158,0.35,Buy,1588322,17340370940,26.62852416,1.4516,2882,Industrial Services
OKTA,274.6853,-3.82167367,-10.9147,Buy,1174252,35544804091,,-1.9228,2248,Technology Services
OLED,235.83,-0.99080566,-2.36,Buy,133233,11110043784,106.8739624,2.2302,309,Electronic Technology
OMC,61.62,3.06071249,1.83,Buy,978832,13245561395,13.53266036,4.4354,70000,Commercial Services
ON,32.035,0.58084772,0.185,Buy,2419853,13175616960,66.14745587,0.491,34800,Electronic Technology
ORAN,11.94,1.79028133,0.21,Sell,244784,31181500000,9.7465725,1.2074,,Communications
ORCL,65.6817,0.81611665,0.5317,Buy,8877221,193375960923,19.75679282,3.3746,135000,Technology Services
ORLY,459.28,1.29910232,5.89,Strong Buy,221492,33269754248,20.24785638,22.594,82167,Retail Trade
OSH,62.475,-1.92307692,-1.225,Buy,292246,15049404210,,,2300,Health Services
OTEX,45.17,-0.55041832,-0.25,Buy,196058,12297731250,47.03811831,0.96896874,14400,Technology Services
OTIS,66.005,0.90964684,0.595,Buy,506024,28599533900,,,69000,Producer Manufacturing
OXY,18.13,7.15130024,1.21,Buy,19271697,16888331439,,-17.1737,14400,Energy Minerals
PAGS,54.13,-1.22262774,-0.67,Buy,700517,17789922804,64.68366383,0.8486584,,Commercial Services
PANW,366.73,-1.43256464,-5.33,Buy,1004924,35949798522,,-3.1023,8014,Electronic Technology
PAYC,466,0.18704448,0.87,Buy,196653,27263899375,165.0626353,2.8527,3765,Technology Services
PAYX,94.82,-1.87312429,-1.81,Buy,2159460,34116550000,33.35634644,2.9158,15800,Technology Services
PBA,24.165,0.93984962,0.225,Sell,902989,13289348430,19.89538667,1.20359349,2791,Industrial Services
PBR,10.98,1.38504155,0.15,Buy,8992032,40299700000,,-1.4842,57983,Energy Minerals
PBR.A,10.765,1.8448439,0.195,Buy,3449921,29606400000,,-1.4842,57983,Energy Minerals
PCAR,85.29,0.49487451,0.42,Sell,301380,29547867600,20.7045449,4.1065,27000,Producer Manufacturing
PCG,12.525,0.68327974,0.085,Buy,8066100,24866662100,,-9.8186,23000,Utilities
PCGU,123.8,1.49204788,1.82,Buy,45952,24688100000,,-9.8186,23000,Utilities
PCTY,215.5169,1.27673872,2.7169,Buy,195497,11687236065,189.00435207,1.1732,3600,Technology Services
PDD,140.16,0.8200259,1.14,Sell,4324496,117498000000,,-0.9225,5828,Retail Trade
PEAK,29.555,-0.3875969,-0.115,Sell,1876275,15973200000,49.27752865,0.6113,204,Finance
PEG,56.755,0.64727789,0.365,Sell,802340,28724578680,14.96073437,3.7917,7130,Utilities
PEGA,139.76,1.96250091,2.69,Buy,281167,11277503575,,-0.8041,5155,Technology Services
PENN,96.5399,0.8565608,0.8199,Buy,3538460,14985659520,,-6.7232,28300,Consumer Services
PEP,144.655,0.44091098,0.635,Buy,1401813,199859055200,28.52559024,5.0743,267000,Consumer Non-Durables
PFE,37.5,2.06859009,0.76,Neutral,26922304,208551168000,23.79225489,1.5641,88300,Health Technology
PFG,48.585,2.5,1.185,Buy,490226,13341835646,10.74074913,4.4457,17601,Finance
PG,136.85,0.21969974,0.3,Sell,3374233,339347026550,26.10649078,5.4158,99000,Consumer Non-Durables
PGR,97.54,-0.45923053,-0.45,Buy,967478,57101660980,11.33304034,8.6828,41571,Finance
PH,269.07,0.55684281,1.49,Buy,391413,34647200000,29.27859417,9.2533,50520,Producer Manufacturing
PHG,53.61,0.16816143,0.09,Buy,133252,48670100000,44.41862395,1.2172,80495,Health Technology
PHM,44.56,-1.8718344,-0.85,Buy,982436,11928842530,9.48056286,4.8027,5245,Consumer Durables
PINS,73.105,1.04353836,0.755,Buy,9025677,45161027568,,-0.6363,2217,Technology Services
PKG,136.45,1.97294672,2.64,Buy,309615,12933972812,26.89648241,4.9885,15500,Process Industries
PKI,139.54,-0.22880023,-0.32,Buy,223745,15627651310,38.01059927,3.6979,13000,Health Technology
PKX,60.98,1.11092688,0.67,Buy,43356,18923000000,24.22088353,2.49,17569,Non-Energy Minerals
PLAN,73.545,-0.15612273,-0.115,Buy,875651,10446089040,,-1.0818,1601,Technology Services
PLD,96.53,-1.14695341,-1.12,Sell,972710,73024400000,44.72792232,2.199,1712,Finance
PLTR,28.97,3.31669044,0.93,Buy,52687943,50501823729,,,2391,Technology Services
PLUG,35.9813,0.81619501,0.2913,Buy,35261206,14440544300,,-0.3016,835,Electronic Technology
PM,82.56,0.45017642,0.37,Buy,1855620,128619058800,16.67782715,4.9296,73500,Consumer Non-Durables
PNC,146.52,1.94113964,2.79,Buy,732546,62076433510,8.58084429,16.7706,51918,Finance
PODD,261.06,2.59372789,6.6,Buy,379060,17177514345,580.95890411,0.447,1350,Health Technology
POOL,365.36,-1.18194358,-4.37,Buy,80453,14672346096,46.32685537,8.1303,4500,Distribution Services
PPD,35.42,-1.58377327,-0.57,Buy,286017,12382122275,235.53664921,0.1556,23000,Commercial Services
PPG,144.69,-0.00691085,-0.01,Buy,475757,34198796140,31.91935235,4.5572,47600,Process Industries
PPL,26.76,1.63311812,0.43,Sell,3104732,20616096005,13.07413476,2.0193,12280,Utilities
PRU,76.945,2.59333333,1.945,Buy,978324,30484080000,,-0.3165,51511,Finance
PSA,227.02,-2.22662475,-5.17,Buy,297893,40591900000,35.76831241,6.4971,5900,Finance
PSX,69.16,2.44408236,1.65,Buy,1881027,30200352000,,-6.1581,14500,Energy Minerals
PTC,119.12,-0.74987502,-0.9,Buy,197969,13899229820,106.9125245,1.1294,6243,Technology Services
PTON,163,1.11035296,1.79,Buy,10833380,47679888311,2121.18421053,0.1574,3694,Consumer Services
PUK,36.425,2.77934537,0.985,Buy,165828,46026600000,,-0.5153,18125,Finance
PXD,113.76,4.90593877,5.32,Buy,786573,18707480040,107.00611802,1.0134,2323,Energy Minerals
PYPL,241.3945,-0.86061029,-2.0955,Buy,4089468,282869282631,91.9454724,2.679,23200,Technology Services
QCOM,148.47,1.45551456,2.13,Buy,3130061,167840400000,32.34033149,4.5887,41000,Electronic Technology
QGEN,52.03,-0.38292169,-0.2,Buy,236038,11901810470,63.61753959,0.8388,5096,Health Technology
QRVO,167.18,2.40107804,3.92,Buy,1116817,19066293126,42.76284771,3.8725,7900,Electronic Technology
QSR,60.59,-0.03299786,-0.02,Buy,675317,18413482831,32.72557803,1.87475201,6300,Consumer Services
RACE,226.58,-0.42190384,-0.96,Buy,176222,39784703801,70.20988467,3.25222892,4285,Consumer Durables
RARE,176.185,1.84104046,3.185,Buy,184835,11655659623,,-4.3875,740,Health Technology
RCI,46.4,1.50951652,0.69,Buy,132969,23428566400,19.22151188,2.38278121,25300,Communications
RCL,71.16,2.10934137,1.47,Sell,3096256,15964681125,,-19.72,85400,Consumer Services
RDS.A,35.9035,2.75758443,0.9635,Buy,4702369,71344700000,,-4.2974,83000,Energy Minerals
RDS.B,34.53,3.0438675,1.02,Buy,2240439,61988100000,,-4.2974,83000,Energy Minerals
RDY,70.39,1.55821671,1.08,Strong Buy,80020,11524600000,56.43217717,1.2321,21650,Health Technology
REGN,491.15,0.22242174,1.09,Sell,345036,52408637166,17.90945503,29.1118,8100,Health Technology
RELX,24.1,0.33305579,0.08,Buy,283065,46255200000,29.10456804,0.8305,33200,Commercial Services
RF,15.985,3.59688918,0.555,Buy,3785095,15357499560,19.36982174,0.8003,19564,Finance
RGEN,196.65,1.3085364,2.54,Buy,443300,10639042591,235.97131048,0.8372,761,Health Technology
RIO,76.1599,1.15539912,0.8699,Buy,884009,93809000000,17.02969849,4.4607,46007,Non-Energy Minerals
RJF,94.19,0.48005121,0.45,Buy,406122,12894886440,16.11871518,5.9329,19635,Finance
RMD,210.96,-0.33542779,-0.71,Buy,115201,30578514150,45.39547053,4.7004,7770,Health Technology
RNG,399.9,-0.64843109,-2.61,Buy,378348,35919923011,,-1.2201,2363,Technology Services
ROK,248.97,0.53706994,1.33,Buy,281813,28925085630,28.24296891,8.8266,23500,Producer Manufacturing
ROKU,358.29,1.00927518,3.58,Buy,2978611,45545404743,,-0.8358,1650,Consumer Durables
ROL,40.13,-1.7625459,-0.72,Buy,488596,19728830990,80.65153011,0.5065,14952,Consumer Services
ROP,421.63,2.10936743,8.71,Buy,321263,44179427440,27.79932138,15.0082,16460,Electronic Technology
ROST,117.79,0.89943464,1.05,Buy,470016,41955307100,138.64608076,0.8546,92500,Retail Trade
RPM,89.48,0.40394973,0.36,Buy,128615,11628062130,30.50905481,2.9293,14621,Process Industries
RPRX,48.74,0.8692053,0.42,Strong Buy,1121799,18890384440,,,,Health Technology
RSG,95.195,-0.65226466,-0.625,Sell,448073,30356962625,30.03196891,3.1972,36000,Industrial Services
RTX,70.88,2.35379061,1.63,Buy,2829969,107646873600,,-1.1412,243200,Electronic Technology
RUN,69.18,-0.12992638,-0.09,Buy,3484996,13663150100,2206.05095541,0.058,4800,Utilities
RY,81.38,1.55996506,1.25,Buy,297827,115816551950,13.66030398,5.87910151,86000,Finance
RYAAY,107.93,3.57965451,3.73,Buy,266233,23479400000,,-4.6895,17268,Transportation
SAM,1015.97,-0.69301898,-7.09,Strong Buy,109895,12438127530,73.08563305,14.1834,2128,Consumer Non-Durables
SAN,3.16,3.94736842,0.12,Buy,5509676,52688700000,,-0.3903,196419,Finance
SAP,126.28,0.27793218,0.35,Buy,359157,148547000000,27.25403627,4.6206,100330,Technology Services
SBAC,274.17,-0.63424181,-1.75,Sell,277468,30658900000,,-0.1295,1475,Finance
SBSW,15.54,1.43603133,0.22,Buy,909977,11202800000,19.25106811,0.8747,84521,Non-Energy Minerals
SBUX,102.14,-0.26364613,-0.27,Buy,1802354,119893455000,132.27848101,0.7846,349000,Consumer Services
SCCO,63.905,1.27575277,0.805,Buy,503115,49403230065,37.93435133,1.6634,14301,Non-Energy Minerals
SCHW,52.145,0.97792409,0.505,Buy,2566223,93715515450,23.91072834,2.1713,19700,Finance
SE,195.78,-2.42711189,-4.87,Buy,1511024,68579800000,,-2.9313,29800,Technology Services
SEDG,325,0.76894456,2.48,Buy,640738,16648314026,96.04526504,3.5412,2431,Producer Manufacturing
SGEN,190.86,-3.07246966,-6.05,Buy,550502,34373535840,77.42607738,2.6977,1605,Health Technology
SHG,30.08,1.14324143,0.34,Neutral,49229,15361400000,5.09962619,5.8318,172,Finance
SHOP,1227.275,-3.8999123,-49.805,Buy,1544836,149723809123,818.37872477,1.6262,5000,Retail Trade
SHW,728.76,-1.12743701,-8.31,Strong Buy,141291,66195620335,36.3733715,20.6268,61111,Process Industries
SIRI,6.275,0.07974482,0.005,Neutral,14067767,26665612500,26.57905892,0.24,4534,Consumer Services
SIVB,377.5085,2.52810972,9.3085,Buy,159680,19523805517,17.96474382,20.6302,3564,Finance
SJM,115.69,0.83674715,0.96,Sell,275798,13199419170,14.86563528,7.7178,7300,Consumer Non-Durables
SKM,24.68,0.98199673,0.24,Buy,108180,15986800000,17.87595085,1.3673,5425,Communications
SLB,21.92,2.62172285,0.56,Buy,6001783,30513297600,,-7.6104,105000,Industrial Services
SLF,43.54,1.56286447,0.67,Sell,152154,25459347570,14.13846292,3.0380685,22719,Finance
SMFG,5.995,0.58724832,0.035,Buy,892151,40838800000,8.11105063,0.735,86443,Finance
SMG,199.93,0,0,Buy,112218,11129943582,29.35226238,6.9656,5932,Process Industries
SNAP,52.22,0.24956806,0.13,Buy,8332269,77806907195,,-0.7468,3195,Technology Services
SNE,97.63,0.17443054,0.17,Buy,383752,120223000000,13.9645513,7.1191,111700,Consumer Durables
SNN,41.91,0.31115366,0.13,Buy,255001,18267300000,46.65029031,0.9009,17637,Health Technology
SNOW,337.4,-1.10212217,-3.76,Sell,2106672,95554743000,,-1.5164,,Technology Services
SNP,43.7,0.90048488,0.39,Sell,261496,11049900000,9.62615576,4.4992,402206,Energy Minerals
SNPS,256.03,-0.78279403,-2.02,Buy,317957,39181038990,60.48850238,4.3896,15036,Technology Services
SNY,47.79,-0.04183225,-0.02,Sell,492792,120134000000,9.79512395,4.9052,100409,Health Technology
SO,59.57,-0.25117214,-0.15,Sell,1044933,62920216800,20.09624121,2.9919,27943,Utilities
SOLN,50.25,-0.29761905,-0.15,Sell,28920,63078700000,16.95998923,2.9919,27943,Utilities
SPG,83.86,0.16722408,0.14,Buy,1947407,27471500000,17.69791777,4.7305,4500,Finance
SPGI,315.505,-1.07390336,-3.425,Strong Sell,643800,75858458710,31.93611375,10.0354,22500,Commercial Services
SPLK,184.3,4.12429379,7.3,Buy,2315982,29817357891,,-4.9851,5800,Technology Services
SPOT,331.03,2.81712014,9.07,Buy,887447,60912914051,,-3.9856,,Technology Services
SQ,232.17,-3.89519,-9.41,Buy,10717995,104680475252,395.57884395,0.7215,3835,Technology Services
SRE,126.43,0.1267126,0.16,Sell,382693,36485685600,9.87379187,13.0186,13969,Utilities
SRPT,176.99,-0.97907575,-1.75,Buy,530772,14002322720,,-7.8278,743,Health Technology
SSNC,71.775,0.44080605,0.315,Buy,379961,18374447525,33.32400672,2.2276,22800,Technology Services
STE,184.485,1.03784435,1.895,Sell,122263,15727772920,37.05755805,4.9711,13000,Health Technology
STM,36.725,-0.23091551,-0.085,Buy,895236,33167057942,36.50699197,1.0338,45554,Electronic Technology
STNE,84.01,-1.7886369,-1.53,Buy,1739810,25938994261,143.57166835,0.6052288,5938,Technology Services
STT,71.66,2.09431543,1.47,Buy,776949,25281504680,11.19493445,6.347,39103,Finance
STX,63.13,-0.91037514,-0.58,Buy,829800,16232963760,16.26832133,3.9534,42000,Electronic Technology
STZ,215.55,1.22094388,2.6,Buy,230030,41300604877,43.00803813,5.7529,9000,Consumer Non-Durables
SU,17.22,4.74452555,0.78,Buy,4560874,26301211750,,-3.17244993,12889,Energy Minerals
SUI,145.335,-1.25356706,-1.845,Buy,197292,15831100000,93.40610522,1.5776,3146,Finance
SWK,178.4296,-0.32979555,-0.5904,Sell,360566,28589391005,29.11083648,6.2116,59438,Consumer Durables
SWKS,152.49,2.04778157,3.06,Strong Buy,940453,25325844180,31.18452356,4.8345,10000,Electronic Technology
SYF,34.2918,3.10222489,1.0318,Buy,1878573,20000988000,15.20318142,2.1906,16500,Finance
SYK,237.13,0.78201369,1.84,Buy,284461,89101925055,50.9495247,4.6837,40000,Health Technology
SYY,72.8,1.22358176,0.88,Buy,842912,37071148020,,-0.0486,57000,Distribution Services
T,28.755,1.25,0.355,Sell,24376575,204872500000,18.70513074,1.5269,246000,Communications
TAK,18.29,-0.92091008,-0.17,Sell,980580,57719200000,110.67146283,0.1681,47495,Health Technology
TAL,68.49,-0.5806358,-0.4,Sell,871022,27522100000,1423.34710744,0.0568,45271,Consumer Services
TCOM,32.48,-1.42640364,-0.47,Sell,2013031,19541600000,,-0.5396,44300,Consumer Services
TD,55.64,1.16363636,0.64,Buy,607995,101001828000,11.4194008,4.82063974,,Finance
TDG,611.62,2.58121866,15.39,Buy,70127,33321847467,72.17669205,8.2607,14200,Electronic Technology
TDOC,211.21,2.50922151,5.17,Strong Buy,2348542,30723034340,,-1.4313,2400,Health Services
TDY,385.35,1.72108861,6.52,Buy,60296,14223796422,37.14602291,10.5207,11790,Electronic Technology
TEAM,241.23,-2.33998624,-5.78,Buy,951934,60068877047,,-1.7859,4907,Technology Services
TECH,319.715,-0.2636012,-0.845,Buy,78277,12343972349,51.23140113,6.48,2300,Health Technology
TEF,4.065,3.4351145,0.135,Sell,2405109,20635900000,69.80461812,0.0563,113819,Communications
TEL,119.5,2.32040414,2.71,Buy,823458,39514693068,,-0.7149,82000,Electronic Technology
TER,117.885,-0.5777178,-0.685,Buy,526818,19582153800,29.76528179,4.3563,5400,Electronic Technology
TEVA,9.78,1.875,0.18,Sell,3727128,10521300000,,-3.7053,40039,Health Technology
TFC,47.38,2.93286987,1.35,Buy,3445431,63873925600,15.71526118,2.9558,59000,Finance
TFX,399.265,0.61107751,2.425,Buy,50438,18592686309,51.03526325,7.9166,14400,Health Technology
TGT,175.54,1.85088483,3.19,Buy,3051509,87900684690,22.8350734,7.6193,368000,Retail Trade
TIF,131.165,0.01143729,0.015,Buy,774809,15923314950,55.40768906,2.3811,14100,Retail Trade
TJX,67.465,0.73913693,0.495,Buy,1745452,81012509250,111.28281821,0.6226,286000,Retail Trade
TLK,23.49,-0.88607595,-0.21,Buy,300128,23477700000,18.05989484,1.3123,24272,Communications
TM,151.19,0.27857001,0.42,Buy,190780,210774000000,16.07116209,9.4643,359542,Consumer Durables
TME,18.96,0.42372881,0.08,Strong Buy,1936452,12501800000,55.43159131,0.3453,3610,Technology Services
TMO,460.66,-0.97592433,-4.54,Sell,627712,182599461200,38.09461418,12.3041,75000,Health Technology
TMUS,132.63,0.28733459,0.38,Buy,1244472,164494910700,43.23732305,3.0859,53000,Communications
TOT,43.405,2.87982934,1.215,Buy,2131807,110905000000,,-2.1469,107776,Energy Minerals
TRI,80.03,0.62869357,0.5,Sell,183522,39769864200,21.26430151,3.75377129,24400,Commercial Services
TRMB,66.67,0.74040496,0.49,Buy,225102,16676732160,34.08002472,1.957,11484,Electronic Technology
TROW,148.38,0.65120065,0.96,Buy,361342,33620771840,16.51820229,9.0249,7365,Finance
TRP,41.165,1.04320079,0.425,Sell,1299837,38683633600,11.51226042,3.54078233,7305,Industrial Services
TRU,100.4,1.6400081,1.62,Buy,430628,19092799000,58.53976532,1.7115,8000,Technology Services
TRV,137.49,0.74003517,1.01,Buy,401680,34809722780,15.62575135,8.7894,30800,Finance
TSCO,146.19,-2.39033184,-3.58,Buy,555344,17021376670,23.25404465,6.4959,33500,Retail Trade
TSLA,645.8428,0.85935597,5.5028,Buy,27573585,611726583289,1279.65627498,0.5662,48016,Consumer Durables
TSM,104.14,0.1924187,0.2,Buy,2394249,539041000000,32.83732979,3.1653,51297,Electronic Technology
TSN,64.38,3.04097311,1.9,Sell,1534348,23017371342,10.43158861,6.0209,139000,Consumer Non-Durables
TT,143.45,0.31468531,0.45,Buy,450980,34453135000,38.27725582,3.782,50000,Producer Manufacturing
TTC,93.84,-0.41388093,-0.39,Buy,130004,10068750480,31.04982206,3.0626,10385,Producer Manufacturing
TTD,930.98,-4.13337178,-40.14,Buy,574607,43730058960,333.40886463,3.0897,1310,Commercial Services
TTWO,202.1,0.11889428,0.24,Buy,432996,23242495540,48.8115101,4.1724,5800,Consumer Durables
TU,19.905,1.14329268,0.225,Buy,751138,25558020000,25.0476989,0.7871982,65600,Communications
TW,65.04,-0.56566274,-0.37,Buy,382035,12249156889,76.74527748,0.8936,919,Technology Services
TWLO,366,-1.28118678,-4.75,Buy,921158,55262802624,,-2.8343,2905,Technology Services
TWTR,54.6999,-0.38262612,-0.2101,Buy,4436592,43509621750,,-1.575,4900,Technology Services
TXG,148.72,-0.61480887,-0.92,Buy,718655,16005437366,,-1.3481,584,Health Technology
TXN,162.32,-0.12306178,-0.2,Buy,894868,149000345440,30.71050642,5.3694,29768,Electronic Technology
TXT,48.405,3.38530543,1.585,Buy,390639,11077550000,39.58069152,1.1886,35000,Electronic Technology
TYL,435.01,-0.80041959,-3.51,Buy,88250,17555509377,96.38437699,4.7255,5368,Technology Services
U,168.5,-2.19977944,-3.79,Buy,1036523,45549159221,,,2715,Technology Services
UAL,44.195,2.85082616,1.225,Buy,13379397,12941513640,,-16.4398,96000,Transportation
UBER,53.495,-0.52993678,-0.285,Strong Buy,9138352,98853264300,,-3.9848,26900,Technology Services
UBS,14.125,3.25292398,0.445,Buy,1497563,50697713563,8.70153697,1.6277551,68601,Finance
UDR,37.12,-0.66898582,-0.25,Sell,703388,11004800000,83.67666816,0.448,1351,Finance
UHS,137.205,1.03460972,1.405,Buy,94482,11675188736,13.30915862,10.2556,80800,Health Services
UI,274.06,-2.57722797,-7.25,Buy,47266,17207679280,41.1717355,6.8402,1021,Electronic Technology
UL,58.44,0.72388831,0.42,Sell,959847,67543300000,23.37065979,2.4917,149867,Consumer Non-Durables
ULTA,269.75,1.75789355,4.66,Buy,338312,15192266876,66.8103231,3.9873,44000,Retail Trade
UMC,8.2,0.49019608,0.04,Buy,1880860,20273400000,27.54895341,0.3047,19577,Electronic Technology
UNH,339.22,1.25667891,4.21,Buy,1282626,321868547830,19.24537407,17.5849,325000,Health Services
UNP,201.47,-0.02481143,-0.05,Neutral,1227344,135737432670,25.67918854,7.8705,37483,Transportation
UPS,173.28,-0.73327223,-1.28,Buy,1415236,149782966708,33.12773993,5.2931,495000,Transportation
URI,231.39,1.75909231,4,Buy,341212,16680146018,18.02293785,12.6564,19100,Finance
USB,46.77,2.58828691,1.18,Buy,3063293,70438422808,15.1020273,3.0213,69651,Finance
V,205.99,0.07287213,0.15,Sell,3470512,481386013299,43.23007456,4.8922,20500,Finance
VALE,16.795,-0.0297619,-0.005,Buy,11214279,86182600000,33.78921963,0.4972,71149,Non-Energy Minerals
VAR,174.8,0.16044006,0.28,Buy,252083,15968941400,59.38074175,2.9614,10613,Health Technology
VEEV,287.1,0.23041475,0.66,Buy,655070,43460039241,133.7941987,2.2878,3501,Technology Services
VFC,84.65,2.13561776,1.77,Buy,934953,33052839000,,-0.1374,48000,Consumer Non-Durables
VIAC,36.22,3.81198051,1.33,Buy,4408682,22353578376,15.91043823,2.2014,23990,Consumer Services
VIACA,37.18,3.42141864,1.23,Buy,39897,23041808112,16.39381641,2.2014,23990,Consumer Services
VICI,25.9625,0.12533745,0.0325,Buy,1211325,13915900000,18.94360023,1.3782,140,Finance
VIPS,25.705,-0.09716284,-0.025,Buy,2113053,15303500000,25.1441415,1.0416,20442,Retail Trade
VLO,55.51,3.37057728,1.81,Buy,2174780,22656756840,,-0.0235,10222,Energy Minerals
VMC,143.48,0.14657639,0.21,Buy,314235,19035205150,31.24482052,4.6103,8767,Non-Energy Minerals
VMW,142.62,1.48000569,2.08,Buy,629916,59906494976,37.43241444,3.7874,31000,Technology Services
VOD,16.6534,2.41943419,0.3934,Buy,1917273,43632100000,16.23078459,1.0031,93000,Communications
VRSK,200.08,-0.91615907,-1.85,Strong Buy,214412,32534259000,49.79900861,4.1094,9300,Finance
VRSN,215.2999,-0.48077101,-1.0401,Buy,152604,24567871589,31.21068729,6.9501,872,Technology Services
VRTX,236.85,0.83014049,1.95,Buy,644498,61571797640,22.98749339,10.3685,3000,Health Technology
VTRS,17.995,1.43742954,0.255,Buy,4132015,21588000000,34.45998446,0.5155,35000,Health Technology
VZ,59.03,0.0678081,0.04,Sell,8611195,244302488375,13.34343686,4.423,135000,Communications
W,260.94,-8.39067547,-23.9,Sell,1957245,25963892717,,-1.8732,16985,Retail Trade
WAB,73.04,1.14942529,0.83,Sell,615181,13907120820,29.90805169,2.423,27500,Producer Manufacturing
WAT,246.83,0.21925373,0.54,Buy,56761,15315233791,30.84253763,8.0353,7500,Health Technology
WBA,39.85,1.47695442,0.58,Sell,3063951,34524070920,79.49392713,0.4968,331000,Retail Trade
WBK,14.93,1.35777325,0.2,Buy,125290,53970700000,34.48033708,0.4316,36849,Finance
WCN,101.42,-1.26557632,-1.3,Sell,432896,26663115160,137.82846811,0.74909227,18204,Industrial Services
WDAY,252.02,-2.20790811,-5.69,Buy,1111777,60552000000,,-1.456,12200,Technology Services
WDC,50.0671,0.69810941,0.3471,Buy,1936048,15234307763,,-0.1143,63800,Electronic Technology
WEC,88.43,-1.1624008,-1.04,Sell,808375,27878145300,23.51256176,3.8199,7509,Utilities
WELL,61.865,-1.28450614,-0.805,Sell,835289,26152500000,201.77076626,0.314,443,Finance
WFC,30.37,4.86878453,1.41,Buy,26572800,125502443950,77.97522886,0.3777,259800,Finance
WHR,189.94,1.14489589,2.15,Buy,226540,11871401620,13.66918519,13.8729,77000,Consumer Durables
WISH,21.22,-4.37133844,-0.97,,4851428,12449891614,,,,Retail Trade
WIT,5.575,1.73357664,0.095,Strong Buy,1493823,31175700000,23.81573229,0.2305,175000,Technology Services
WIX,269.955,-0.8211176,-2.235,Buy,227539,15028723232,,-3.2581,3071,Technology Services
WLK,82.04,1.10919399,0.9,Buy,103753,10480867320,36.1602567,2.2475,9430,Process Industries
WLTW,208.88,-0.35301975,-0.74,Buy,512380,26844466250,25.61151431,8.2227,46600,Finance
WM,116.46,-1.23812754,-1.46,Sell,542039,49225104619,33.35596289,3.5536,44900,Industrial Services
WMB,20.825,1.04318292,0.215,Buy,3915619,25285147650,116.17812852,0.1779,4812,Industrial Services
WMG,37.99,1.03723404,0.39,Buy,347447,19381174200,,-0.9314,5500,Commercial Services
WMT,143.69,-0.35367545,-0.51,Sell,5309595,406358473824,20.81649151,6.9688,2200000,Retail Trade
WORK,42.74,-0.32649254,-0.14,Buy,6741478,24624651590,,-0.5492,2045,Technology Services
WPC,70,-0.42674253,-0.3,Buy,414170,12330500000,27.16593245,2.5895,204,Finance
WPM,42.12,1.93610842,0.8,Sell,779097,18923715720,43.11631123,0.96208123,39,Non-Energy Minerals
WPP,54.6,2.67017676,1.42,Buy,104747,12875000000,,-11.518,106786,Commercial Services
WRB,66.08,1.07066381,0.7,Buy,206313,11782190310,36.70147075,1.8007,7493,Finance
WRK,44.52,1.5742642,0.69,Buy,527025,11704874100,,-2.6536,49300,Process Industries
WST,283.21,0.10604079,0.3,Buy,303467,20942836488,68.63582329,4.2172,8200,Health Technology
WTRG,45.515,0.60786914,0.275,Buy,333115,11177045040,45.65546473,1.0088,1583,Utilities
WTRU,59,0.57961132,0.34,Buy,46178,14387700000,,,1583,Utilities
WY,33.745,1.1844078,0.395,Strong Buy,1604685,24893200000,50.79969535,0.6574,9400,Finance
WYNN,115.265,2.3576947,2.655,Buy,1340832,12420266940,,-17.5278,30200,Consumer Services
XEL,64.43,-0.6169983,-0.4,Sell,589249,33855258940,23.14117437,2.808,11273,Utilities
XLNX,143.52,-0.44395117,-0.64,Buy,1055643,35177458220,58.62068966,2.4806,4891,Electronic Technology
XOM,41.9399,1.6971387,0.6999,Buy,13726796,177226260450,53.01452629,0.7779,74900,Energy Minerals
XP,41.12,2.00942694,0.81,Buy,639263,23011188447,58.23461427,0.6963031,,Technology Services
XPEV,44.045,-2.23085461,-1.005,Sell,11888359,21879500000,,-0.7181,2593,Consumer Durables
XPO,118.15,0.25456088,0.3,Buy,325349,10787052600,231.57791315,0.7443,100000,Transportation
XRAY,51.87,0.11580776,0.06,Buy,186559,11336447850,,-0.364,15200,Health Technology
XYL,99.87,0.47283702,0.47,Buy,340365,18006979120,80.4402363,1.2437,16300,Producer Manufacturing
YNDX,68.13,1.51989271,1.02,Buy,590674,24018539380,67.62394196,1.0251,10092,Technology Services
YUM,107.29,-0.10242086,-0.11,Buy,457571,32375009760,31.19825708,3.4992,34000,Consumer Services
YUMC,57.71,0.87397308,0.5,Buy,411990,24208351710,31.24692774,1.8887,450000,Consumer Services
Z,140.4,-0.18484288,-0.26,Strong Buy,1517424,32695230616,,-1.4737,5249,Technology Services
ZBH,150.18,-0.43094875,-0.65,Buy,324605,31149737840,,-0.7323,19900,Health Technology
ZBRA,381.4,0.37898726,1.44,Buy,122860,20334874960,43.37640988,8.8424,8200,Electronic Technology
ZEN,143.2868,-0.14161266,-0.2032,Buy,392877,16698228855,,-1.614,3570,Technology Services
ZG,146.28,-0.27950099,-0.41,Buy,481433,34012160628,,-1.4737,5249,Technology Services
ZLAB,133.985,2.67049808,3.485,Buy,139372,11487200000,,,692,Health Technology
ZM,388.17,-5.09290954,-20.83,Sell,8020528,111002349867,285.61452514,1.5054,2532,Technology Services
ZNGA,9.955,-0.35035035,-0.035,Buy,7210602,10736050000,,-0.3834,1883,Technology Services
ZS,207.8064,0.49637296,1.0264,Buy,1935830,27964270880,,-1.1647,2020,Technology Services
ZTO,28.285,1.01785714,0.285,Sell,1247678,17627300000,30.08165019,0.9308,19009,Transportation
ZTS,160.59,-0.76623617,-1.24,Sell,652272,76325664460,46.60599603,3.496,10600,Health Technology